{
    "swagger": "2.0",
    "info": {
        "contact": {}
    },
    "paths": {
        "/api/workbench-card": {
            "get": {
                "description": "获取已支持卡片列表",
                "produces": [
                    "application/json"
                ],
                "tags": [
                    "工作台"
                ],
                "summary": "获取卡片列表",
                "parameters": [
                    {
                        "type": "string",
                        "description": "令牌",
                        "name": "x-token",
                        "in": "header",
                        "required": true
                    }
                ],
                "responses": {
                    "500": {
                        "description": "500错误",
                        "schema": {
                            "type": "string"
                        }
                    }
                }
            }
        }
    }
}